{
    "model_name": "efficientnet_v2_s",
    "image_size": 128,
    "best_val_acc": 89.44591029023746,
    "test_acc": 91.84210526315789,
    "train_accs": [
        52.432126696832576,
        67.70361990950227,
        75.96153846153847,
        82.18325791855203,
        86.65158371040724,
        86.82126696832579,
        89.36651583710407,
        90.21493212669684,
        91.5158371040724,
        91.57239819004525,
        92.92986425339366,
        93.83484162895928,
        94.11764705882354,
        95.6447963800905,
        96.04072398190046,
        96.4366515837104,
        96.71945701357465,
        97.39819004524887,
        97.45475113122171,
        98.19004524886878,
        98.58597285067873,
        98.24660633484163,
        98.69909502262443,
        98.58597285067873,
        98.75565610859728,
        99.2081447963801,
        99.09502262443439,
        98.92533936651584,
        99.2081447963801,
        99.37782805429865,
        99.26470588235294,
        99.49095022624434,
        99.03846153846153,
        99.15158371040724,
        99.37782805429865,
        99.5475113122172,
        99.5475113122172,
        99.60407239819004,
        99.32126696832579,
        99.43438914027149
    ],
    "val_accs": [
        65.96306068601584,
        74.93403693931398,
        77.83641160949868,
        76.78100263852242,
        77.30870712401055,
        77.30870712401055,
        83.64116094986808,
        81.53034300791556,
        82.84960422163589,
        82.84960422163589,
        83.37730870712402,
        83.64116094986808,
        86.54353562005277,
        85.22427440633246,
        86.2796833773087,
        87.59894459102902,
        85.48812664907652,
        86.80738786279683,
        87.33509234828496,
        87.59894459102902,
        88.12664907651715,
        86.54353562005277,
        86.54353562005277,
        86.54353562005277,
        86.80738786279683,
        88.65435356200528,
        87.59894459102902,
        88.12664907651715,
        88.39050131926122,
        87.59894459102902,
        87.33509234828496,
        87.86279683377309,
        88.12664907651715,
        88.65435356200528,
        88.39050131926122,
        89.1820580474934,
        88.91820580474933,
        89.44591029023746,
        89.1820580474934,
        89.44591029023746
    ],
    "train_losses": [
        1.2836433976620167,
        0.9049160464389904,
        0.665790642569731,
        0.5357413027469102,
        0.42720675938301256,
        0.3870027566681037,
        0.32873055469748136,
        0.2750377698323211,
        0.24478384436250808,
        0.216476774380148,
        0.19292542504499088,
        0.1783451959574679,
        0.17943532380216695,
        0.13529093494126992,
        0.12134370185971798,
        0.10660518135934195,
        0.09647675779981639,
        0.08338218174931417,
        0.07360766646043221,
        0.0602804766779111,
        0.03898402944265923,
        0.05358851434104984,
        0.041244740123852146,
        0.0401311600933466,
        0.04497982832542327,
        0.02503251133755118,
        0.02895295686247918,
        0.03559644707976232,
        0.02922444772608484,
        0.024761973100130737,
        0.021512247638269286,
        0.01629342124520131,
        0.024916867806700996,
        0.024838177623334214,
        0.016713870941047235,
        0.016308892100864836,
        0.015386325709137914,
        0.012836820619168476,
        0.02168221933446533,
        0.022172673123202764
    ],
    "clean_accuracy": 92.10526315789474,
    "fgsm_accuracy": 24.736842105263158,
    "pgd_accuracy": 0.5263157894736842,
    "epsilons": [
        0,
        0.00784313725490196,
        0.01568627450980392,
        0.023529411764705882,
        0.03137254901960784,
        0.0392156862745098,
        0.047058823529411764
    ],
    "fgsm_accuracies": [
        92.10526315789474,
        58.421052631578945,
        38.421052631578945,
        29.736842105263158,
        24.736842105263158,
        20.789473684210527,
        19.210526315789473
    ],
    "pgd_accuracies": [
        92.10526315789474,
        46.05263157894737,
        10.789473684210526,
        1.8421052631578947,
        0.5263157894736842,
        0.0,
        0.0
    ],
    "attack_params": {
        "eps_fgsm": 0.03137254901960784,
        "eps_pgd": 0.03137254901960784,
        "pgd_steps": 20
    }
}