{
  "clean": {
    "clean_accuracy": 93.15789473684211,
    "confusion_matrix": [
      [
        67,
        0,
        0,
        4,
        0,
        0
      ],
      [
        0,
        74,
        3,
        1,
        1,
        0
      ],
      [
        0,
        2,
        63,
        0,
        1,
        1
      ],
      [
        0,
        0,
        0,
        72,
        4,
        0
      ],
      [
        0,
        2,
        1,
        1,
        62,
        0
      ],
      [
        0,
        1,
        0,
        1,
        3,
        16
      ]
    ],
    "fgsm_accuracy": 28.68421052631579,
    "pgd_accuracy": 2.3684210526315788
  },
  "adv": {
    "clean_accuracy": 86.57894736842105,
    "confusion_matrix": [
      [
        63,
        0,
        1,
        7,
        0,
        0
      ],
      [
        0,
        63,
        10,
        0,
        4,
        2
      ],
      [
        1,
        4,
        57,
        1,
        3,
        1
      ],
      [
        0,
        1,
        1,
        74,
        0,
        0
      ],
      [
        0,
        4,
        2,
        2,
        55,
        3
      ],
      [
        1,
        1,
        0,
        2,
        0,
        17
      ]
    ],
    "fgsm_accuracy": 76.57894736842105,
    "pgd_accuracy": 75.52631578947368
  }
}