{
    "model_name": "mobilenet_v2",
    "image_size": 160,
    "best_val_acc": 81.79419525065963,
    "test_acc": 85.26315789473684,
    "train_accs": [
        36.085972850678736,
        36.53846153846154,
        42.36425339366516,
        49.490950226244344,
        49.43438914027149,
        53.50678733031674,
        59.89819004524887,
        61.821266968325794,
        64.36651583710407,
        67.25113122171946,
        69.73981900452489,
        71.210407239819,
        71.77601809954751,
        72.56787330316742,
        74.37782805429865,
        74.43438914027149,
        78.39366515837104,
        78.95927601809954,
        78.67647058823529,
        80.48642533936652,
        82.97511312217195,
        84.33257918552036,
        84.89819004524887,
        83.9366515837104,
        85.91628959276018,
        86.53846153846153,
        86.99095022624434,
        89.98868778280543,
        88.91402714932127,
        89.30995475113122,
        90.83710407239819,
        91.23303167420815,
        93.09954751131222,
        93.09954751131222,
        92.42081447963801,
        93.15610859728507,
        92.92986425339366,
        93.89140271493213,
        93.32579185520362,
        94.28733031674209
    ],
    "val_accs": [
        34.56464379947229,
        36.147757255936675,
        48.02110817941953,
        43.79947229551451,
        54.617414248021106,
        55.145118733509236,
        56.46437994722955,
        64.11609498680738,
        68.07387862796834,
        64.37994722955145,
        69.92084432717678,
        66.49076517150395,
        69.65699208443272,
        70.18469656992085,
        69.65699208443272,
        72.29551451187335,
        73.35092348284961,
        72.29551451187335,
        70.71240105540898,
        75.72559366754618,
        75.19788918205805,
        76.51715039577836,
        75.72559366754618,
        77.57255936675462,
        80.21108179419525,
        79.41952506596306,
        78.62796833773088,
        79.15567282321899,
        79.15567282321899,
        79.41952506596306,
        80.73878627968338,
        81.00263852242745,
        79.68337730870712,
        81.53034300791556,
        79.68337730870712,
        81.2664907651715,
        81.53034300791556,
        81.79419525065963,
        81.00263852242745,
        81.53034300791556
    ],
    "train_losses": [
        1.9350155591964722,
        1.634968084258002,
        1.483059978699899,
        1.3213617613723687,
        1.329368278249964,
        1.232145821726,
        1.0810114102320627,
        1.0399967238709733,
        0.9760800417479094,
        0.888715997741029,
        0.8436371077288378,
        0.7980700333913168,
        0.7834393583439492,
        0.7769739217049366,
        0.6898226743345862,
        0.672602292922166,
        0.6165288047747569,
        0.5809028147308676,
        0.585755388076241,
        0.5660161307534656,
        0.4834209455026163,
        0.45935179903969037,
        0.43390362797019716,
        0.44089838352289284,
        0.3902333094864278,
        0.3625288679188973,
        0.3673323252917947,
        0.29735069240334333,
        0.3117840471971142,
        0.31246228905411455,
        0.2581794039757402,
        0.2344762138216882,
        0.20694864346637382,
        0.1980963481992886,
        0.2007965231901622,
        0.18202872872184794,
        0.182834934946653,
        0.17652974016586873,
        0.18043325489454037,
        0.1698764292187653
    ],
    "clean_accuracy": 85.0,
    "fgsm_accuracy": 13.157894736842104,
    "pgd_accuracy": 0.0,
    "epsilons": [
        0,
        0.00784313725490196,
        0.01568627450980392,
        0.023529411764705882,
        0.03137254901960784,
        0.0392156862745098,
        0.047058823529411764
    ],
    "fgsm_accuracies": [
        85.0,
        45.0,
        22.894736842105264,
        15.263157894736842,
        13.157894736842104,
        13.157894736842104,
        11.842105263157896
    ],
    "pgd_accuracies": [
        85.0,
        32.10526315789474,
        2.6315789473684212,
        0.7894736842105263,
        0.0,
        0.0,
        0.0
    ],
    "attack_params": {
        "eps_fgsm": 0.03137254901960784,
        "eps_pgd": 0.03137254901960784,
        "pgd_steps": 20
    }
}